id;name;description;time_created;time_modified
1;Center Plain;bypass;2021-07-12T05:15:28;2021-07-12T08:04:02
2;Small;redundant synthesizing hack;2021-07-12T13:51:09;2021-07-12T20:49:44
3;innovative Fantastic Avon;empowering models;2021-07-12T11:46:48;2021-07-12T02:00:26
4;Island;Sausages;2021-07-12T19:29:02;2021-07-12T12:58:29
5;Checking bypass multi-state;withdrawal;2021-07-12T01:28:14;2021-07-12T02:51:21
6;Granite Producer;Chips gold Multi-layered;2021-07-12T16:15:10;2021-07-12T13:30:27
7;up Inlet;Shilling Soft Darussalam;2021-07-12T15:55:57;2021-07-12T08:21:49
8;Paradigm infomediaries leading-edge;scalable;2021-07-11T22:30:48;2021-07-12T14:54:04
9;Wooden Peso cultivate;synthesizing program Awesome;2021-07-12T13:06:19;2021-07-12T13:28:27
10;Iowa Account Data;cross-platform;2021-07-12T20:38:53;2021-07-12T03:06:32
