id;username;email_address;last_name;first_name;status;time_created;time_modified
1;deposit Fresh;"?1Y@~k[dh;.xw&h\.";Monahan;Marley;Verified;2021-07-12T16:40:59;2021-07-12T07:52:39
2;Quetzal Tobago Bike;"^tbs@|}.:[}RQ";Glover;Bonnie;Verified;2021-07-11T22:23:51;2021-07-12T10:16:03
3;of magnetic;"g4fJ@v<<.DLd7";Grady;Nicolette;Verified;2021-07-12T19:11:01;2021-07-12T14:17:22
4;harness;"nX@5D:q(m.YbQ";Schneider;Jedidiah;Verified;2021-07-12T01:59:31;2021-07-12T04:21:10
5;Response up;"!&Vg@)n.aN";Jacobs;Retta;Verified;2021-07-12T10:17:12;2021-07-12T14:51:23
6;interface Virginia;"uQwK_@p*_Jd..-'%";Stoltenberg;Jon;Unverified;2021-07-12T07:17:51;2021-07-12T16:00:33
7;user-centric Lempira;"BZ'e@|>].ewgG";Streich;Darrin;Unverified;2021-07-12T15:46:54;2021-07-12T07:52:52
8;streamline;"fn@rO.RF";Spencer;Olaf;Unverified;2021-07-11T23:05:32;2021-07-12T11:23:51
9;Uruguayo;"Y@[DA.o-A:";Nienow;Ima;Verified;2021-07-12T15:16:08;2021-07-11T22:34:32
10;Metal Global IB;"bR}L8_@\aPA.U";Erdman;Timothy;Verified;2021-07-12T15:41:19;2021-07-12T19:59:43
